path_in_schema,type,total_compressed_size,total_uncompressed_size,compression_ratio
assoc_actor_1,BYTE_ARRAY,13303194,45016844,0.29551591844155045
source,BYTE_ARRAY,17557794,49652229,0.353615423790944
event_id_cnty,BYTE_ARRAY,14244500,33313301,0.42759196994617854
notes,BYTE_ARRAY,310065033,691669903,0.4482846971584941
event_date,BYTE_ARRAY,95289,207217,0.45985126702924956
assoc_actor_2,BYTE_ARRAY,2350305,4940495,0.47572257435742776
fatalities,INT64,1053228,1859815,0.5663079392305148
tags,BYTE_ARRAY,1629871,2249798,0.7244521508153177
location,BYTE_ARRAY,11588993,15265552,0.7591597735869623
time_precision,INT64,317967,397792,0.7993298004987531
actor1,BYTE_ARRAY,3938788,4905210,0.8029805044024618
iso,INT64,1786436,2120476,0.8424693323574518
country,BYTE_ARRAY,1788373,2121712,0.8428914951699382
actor2,BYTE_ARRAY,2704300,3153929,0.857438452165537
timestamp,INT64,4406857,5050956,0.872479784025044
interaction,BYTE_ARRAY,1745049,1891535,0.9225570766599613
source_scale,BYTE_ARRAY,1488770,1603958,0.9281851519802887
latitude,DOUBLE,7195817,7684964,0.936350124737084
longitude,DOUBLE,7329040,7784248,0.9415219042353224
admin1,BYTE_ARRAY,3887383,4107974,0.9463017536138252
admin3,BYTE_ARRAY,3309538,3479859,0.9510552007998025
admin2,BYTE_ARRAY,5590462,5823715,0.959947730958675
region,BYTE_ARRAY,1130816,1172117,0.9647637565191871
sub_event_type,BYTE_ARRAY,1529652,1581841,0.9670074299502921
geo_precision,INT64,642516,651109,0.9868025169364883
civilian_targeting,BYTE_ARRAY,387550,389126,0.9959498979764909
disorder_type,BYTE_ARRAY,639605,639463,1.000222061323329
inter2,BYTE_ARRAY,897928,897644,1.0003163837779787
inter1,BYTE_ARRAY,945205,944646,1.000591756065235
event_type,BYTE_ARRAY,963995,963264,1.0007588781476313
year,INT64,11564,11371,1.0169730014950311
